56673,大川,春奈,おおがわ,はるな,090-1913-4972,ohirune@example.com,gSMEaQ19A3Iq9S,1970-6-22,未選択,システム開発事業部,なんでもよく食べる。
22362,高田,健也,たかだ,けんや,070-6606-5813,sakana@example.com,GKj8wfwhPBNEdJYj,1915-12-9,未選択,公共事業本部,魚が大好き。
21117,山川,桃太,やまがわ,ももた,070-3074-6089,ohirune@example.com,lbUrzArfXk9DVR,1984-3-9,未選択,公共事業本部,負けず嫌い。
95857,高野,春也,たかの,はるや,080-3249-3814,onigiri@example.com,jgAxgDfW,1996-4-29,男性,経営管理本部,絵を書くのが好き。
4106,山野,健也,やまの,けんや,090-4661-3535,furoshiki@example.com,RPa0aSsM,1985-11-21,男性,システム開発事業部,魚が大好き。
89982,高野,美郎,たかの,みろう,090-5111-2055,onigiri@example.com,T5R6km5y1YfD9I,1970-9-29,女性,市場開発部,走るのが早い。
65923,大川,翔太,おおがわ,しょうた,090-8486-9244,sakana@example.com,xAKjSxgh,1956-7-10,未選択,公共事業本部,お酒が苦手。
73275,山川,優子,やまがわ,ゆうこ,080-8403-3543,ohirune@example.com,ks3LhyVDyP,1935-9-19,未選択,経営管理本部,負けず嫌い。
95827,大野,春太,おおの,はるた,070-5734-7201,onigiri@example.com,xYSp26nOrCVMBCCm,2015-3-28,男性,システム開発事業部,絵を書くのが好き。
58982,大野,健奈,おおの,けんな,070-8945-6717,ohirune@example.com,jUENnGR2g0trz,2014-10-14,男性,システム開発事業部,負けず嫌い。
76849,大野,健子,おおの,けんこ,070-5303-2353,sakana@example.com,24KzbKJgfZ,2003-9-16,未選択,イノベーション推進室,なんでもよく食べる。
29989,大野,桃子,おおの,ももこ,070-6057-4922,ohirune@example.com,v2PH4nzXoy5wa,1960-12-20,男性,役員,絵を書くのが好き。
17875,高野,美奈,たかの,みな,080-5442-6828,onigiri@example.com,W2B6GpoeGR94jBEA,1997-12-11,未選択,役員,なんでもよく食べる。
8829,山野,優子,やまの,ゆうこ,080-2381-3255,onigiri@example.com,Udyigof5IFc,1914-10-26,女性,イノベーション推進室,走るのが早い。
89733,大田,翔也,おおだ,しょうや,070-3955-5523,ohirune@example.com,jN4hrWJlLgwzUWlb,1916-11-28,女性,システム開発事業部,お酒が苦手。
58730,山野,健太,やまの,けんた,080-4893-6691,ohirune@example.com,Ol6rnSYha,1931-9-18,男性,イノベーション推進室,魚が大好き。
23709,大田,春子,おおだ,はるこ,090-1838-4017,sakana@example.com,rAGEsDFKYbv,1905-4-31,未選択,システム開発事業部,お酒が苦手。
58911,高野,美郎,たかの,みろう,090-2091-1153,sakana@example.com,0JIoT2lr,1900-9-26,女性,経営管理本部,魚が大好き。
97098,大野,優奈,おおの,ゆうな,090-6183-1770,onigiri@example.com,WvCp4bgYJbNE,1979-1-3,未選択,経営管理本部,なんでもよく食べる。
86625,高野,健美,たかの,けんみ,090-5157-8524,ohirune@example.com,VrnMmlqLqs83d,1964-12-22,女性,イノベーション推進室,なんでもよく食べる。
14037,高野,春也,たかの,はるや,070-2463-8637,furoshiki@example.com,rG4skE7cn,1926-12-29,男性,役員,走るのが早い。
49751,高田,優奈,たかだ,ゆうな,090-6080-9993,ohirune@example.com,3tXnOVbC,1978-8-10,未選択,役員,絵を書くのが好き。
12310,山川,桃也,やまがわ,ももや,080-8968-3408,onigiri@example.com,yExbfkgxf0q3S0,1941-10-31,男性,経営管理本部,お酒が苦手。
97918,山川,優也,やまがわ,ゆうや,090-6190-3882,ohirune@example.com,AMiiBK90,2020-4-10,女性,市場開発部,なんでもよく食べる。
12645,山川,春子,やまがわ,はるこ,070-8027-2805,sakana@example.com,LGK0I1lq74lfe,1949-10-26,男性,市場開発部,お酒が苦手。
66448,高田,春奈,たかだ,はるな,090-6449-2729,sakana@example.com,p4RzfujVczdU2,1984-2-20,男性,市場開発部,魚が大好き。
25730,大川,健郎,おおがわ,けんろう,080-2186-4675,furoshiki@example.com,xhw29kSkMqIzPPw,1924-1-10,男性,市場開発部,なんでもよく食べる。
75908,大野,優也,おおの,ゆうや,080-9222-5888,furoshiki@example.com,LUstwwnWHAQ4Vi,2018-6-23,男性,役員,絵を書くのが好き。
89908,高田,桃郎,たかだ,ももろう,080-1960-2674,sakana@example.com,4i2kew3vo6WbCN,1922-3-26,未選択,システム開発事業部,走るのが早い。
72070,高野,桃也,たかの,ももや,090-4512-9487,onigiri@example.com,YqXvryOZSydqr,1944-3-20,女性,公共事業本部,なんでもよく食べる。
49779,大田,桃郎,おおだ,ももろう,090-1098-1764,furoshiki@example.com,xwBuAEfR3LDTm86,1985-11-2,女性,市場開発部,絵を書くのが好き。
98549,大川,美子,おおがわ,みこ,070-7621-6197,ohirune@example.com,7Q2KwhUDEEAV,1964-8-11,未選択,市場開発部,なんでもよく食べる。
4108,山川,桃太,やまがわ,ももた,090-7849-2414,sakana@example.com,dZHTnlRwVzYbaOs,1927-6-9,女性,市場開発部,魚が大好き。
52307,大野,優奈,おおの,ゆうな,070-1743-3326,onigiri@example.com,oUGNf3tATP1zcaBj,1935-10-14,男性,役員,お酒が苦手。
26006,山川,美也,やまがわ,みや,090-3221-3407,ohirune@example.com,zh6jts0vDOhwTxc,1949-9-8,女性,経営管理本部,負けず嫌い。
44753,山野,健也,やまの,けんや,080-2084-9933,onigiri@example.com,5L0hNWJe5WDiIp,1945-4-7,男性,経営管理本部,負けず嫌い。
74393,大田,春美,おおだ,はるみ,070-4133-7064,sakana@example.com,P4nNdilblcq1oSwI,2019-10-10,未選択,イノベーション推進室,走るのが早い。
49273,高野,美子,たかの,みこ,080-9113-1706,sakana@example.com,9yxhxpEEucYtGDol,2004-3-25,男性,イノベーション推進室,お酒が苦手。
58864,大野,春也,おおの,はるや,080-8485-4634,onigiri@example.com,63tqce5XX,1902-9-23,男性,システム開発事業部,なんでもよく食べる。
88994,山田,健郎,やまだ,けんろう,070-9150-2487,onigiri@example.com,fYpUFxVu,1936-6-23,女性,イノベーション推進室,絵を書くのが好き。
650,大川,優奈,おおがわ,ゆうな,090-8801-2564,furoshiki@example.com,4OqWNvQsfX2pNRDZ,2007-2-24,女性,イノベーション推進室,負けず嫌い。
74494,大川,優奈,おおがわ,ゆうな,080-4697-9780,ohirune@example.com,wTdLZzfMTakn5L,1980-2-25,未選択,公共事業本部,魚が大好き。
81325,山川,健美,やまがわ,けんみ,090-7814-3245,ohirune@example.com,jcMe1z60YO,1964-1-11,未選択,市場開発部,絵を書くのが好き。
90976,山野,健奈,やまの,けんな,090-3937-8222,sakana@example.com,lsElmMcv2D1wPkh,1948-5-30,女性,公共事業本部,負けず嫌い。
9572,山田,春太,やまだ,はるた,070-4511-1715,ohirune@example.com,81iZb6kfxaqYsTEy,2017-2-28,女性,公共事業本部,負けず嫌い。
15565,山川,翔郎,やまがわ,しょうろう,070-6934-6721,ohirune@example.com,RpEIodDEenpf9qy3,1916-7-25,女性,システム開発事業部,負けず嫌い。
78685,大川,優奈,おおがわ,ゆうな,070-2338-7211,onigiri@example.com,sHJko1k5ieLVZ,1900-11-7,男性,公共事業本部,走るのが早い。
26816,山野,翔美,やまの,しょうみ,080-6969-5340,sakana@example.com,e9FRlhQbdsrRgC,2016-12-26,未選択,イノベーション推進室,お酒が苦手。
90019,大川,桃也,おおがわ,ももや,070-5792-2546,ohirune@example.com,ieAutN2qOUbiRz,2017-6-6,男性,市場開発部,走るのが早い。
42211,大田,翔奈,おおだ,しょうな,080-5125-6641,ohirune@example.com,20JlXQr51Z,1902-2-9,男性,公共事業本部,負けず嫌い。
83881,大野,美也,おおの,みや,080-8768-4894,ohirune@example.com,6Q5AVBIxDnGHV0M,1990-12-24,女性,市場開発部,魚が大好き。
91205,山田,翔郎,やまだ,しょうろう,090-1013-8477,sakana@example.com,kKdgdOPGPfwM,1997-5-13,未選択,役員,負けず嫌い。
33311,高田,優太,たかだ,ゆうた,080-4335-8111,ohirune@example.com,ItnDja18tY06UOHE,2007-8-4,女性,役員,お酒が苦手。
97176,大野,春也,おおの,はるや,070-7559-7047,furoshiki@example.com,WtDmhvHYnIytS,1954-7-28,未選択,公共事業本部,負けず嫌い。
15796,山川,美子,やまがわ,みこ,090-8416-4802,furoshiki@example.com,BjCD7OTkkaFDnlt6,2013-1-23,男性,経営管理本部,魚が大好き。
24838,大川,健太,おおがわ,けんた,070-5593-2912,furoshiki@example.com,2v4TMFAh9,1946-7-1,女性,役員,絵を書くのが好き。
85307,大田,桃美,おおだ,ももみ,090-3440-3780,furoshiki@example.com,ZMr6SM8U,2009-1-9,未選択,市場開発部,魚が大好き。
84954,山田,桃美,やまだ,ももみ,090-8570-1054,furoshiki@example.com,ona52JvLoFeJ,2018-11-15,男性,経営管理本部,走るのが早い。
96831,高田,桃奈,たかだ,ももな,090-5185-5353,furoshiki@example.com,ASHPQuxal,2008-12-4,未選択,役員,なんでもよく食べる。
26962,大田,春郎,おおだ,はるろう,070-1441-2763,ohirune@example.com,sHzk5hfykC,1967-7-25,男性,イノベーション推進室,絵を書くのが好き。
16747,大田,健美,おおだ,けんみ,080-8597-3041,onigiri@example.com,OPQdbHGOUN,1932-3-17,女性,役員,走るのが早い。
20675,高野,美郎,たかの,みろう,090-1406-2511,onigiri@example.com,egAUFxZGP1u,1960-5-30,未選択,経営管理本部,なんでもよく食べる。
39618,山野,美也,やまの,みや,070-5683-7763,sakana@example.com,6Z3tkBf0UBZ,1997-12-21,女性,役員,絵を書くのが好き。
44126,大田,翔太,おおだ,しょうた,070-2256-6799,furoshiki@example.com,Miv4e6ubN9jXf,1981-6-11,未選択,経営管理本部,魚が大好き。
52554,大川,優太,おおがわ,ゆうた,090-3216-7684,onigiri@example.com,dDwgk7vQY9q,1900-11-31,男性,システム開発事業部,絵を書くのが好き。
16005,大野,春子,おおの,はるこ,080-4399-4763,ohirune@example.com,nKsm8WtEjOTQpau,2019-7-29,男性,経営管理本部,魚が大好き。
13482,山川,春郎,やまがわ,はるろう,080-8645-7794,ohirune@example.com,eDvt16DS,1907-3-10,男性,役員,絵を書くのが好き。
54281,山田,優子,やまだ,ゆうこ,090-7891-6368,sakana@example.com,QCBAZwyNeteom,1910-11-27,男性,システム開発事業部,お酒が苦手。
54038,高野,翔子,たかの,しょうこ,090-9160-8427,sakana@example.com,fFzJuy09ZXcl,2020-7-9,未選択,経営管理本部,絵を書くのが好き。
88017,大野,優奈,おおの,ゆうな,090-1720-8334,sakana@example.com,7UBul6rz3fnW,1962-8-17,男性,公共事業本部,走るのが早い。
79376,大川,美郎,おおがわ,みろう,090-8105-7044,furoshiki@example.com,CR0nz8cl,2016-6-17,男性,システム開発事業部,走るのが早い。
24352,高田,翔美,たかだ,しょうみ,090-8970-5116,furoshiki@example.com,9u8g4fsfz6zaOZ8,1999-12-28,未選択,公共事業本部,負けず嫌い。
16805,山野,翔太,やまの,しょうた,070-4376-7472,ohirune@example.com,HNwHHP4GQ,2019-12-2,女性,役員,なんでもよく食べる。
61854,大田,桃郎,おおだ,ももろう,070-6671-9636,sakana@example.com,YGGTuuNL,1934-12-27,男性,イノベーション推進室,なんでもよく食べる。
46768,大田,優也,おおだ,ゆうや,090-3704-9200,sakana@example.com,9v9f8YwRemF,1913-3-31,男性,イノベーション推進室,なんでもよく食べる。
52720,高川,美太,たかがわ,みた,090-9413-6694,sakana@example.com,YPxO0vbNizRm8IqK,2005-11-18,男性,市場開発部,魚が大好き。
73231,高川,健奈,たかがわ,けんな,090-8625-8001,ohirune@example.com,SuGkemZ1,1964-12-25,男性,経営管理本部,負けず嫌い。
1932,山田,翔郎,やまだ,しょうろう,090-1392-1273,sakana@example.com,5vU6q5oH7fznUqlu,1942-5-24,未選択,システム開発事業部,走るのが早い。
19020,大川,春也,おおがわ,はるや,090-5027-2634,onigiri@example.com,oe7Qv2onzaOxtbiC,1908-6-25,男性,システム開発事業部,負けず嫌い。
41815,高川,桃郎,たかがわ,ももろう,070-5636-7927,sakana@example.com,dUn5xDgp,2013-7-25,男性,役員,絵を書くのが好き。
32314,高野,翔奈,たかの,しょうな,090-5212-4371,sakana@example.com,YSZ4YCMfrH0Pb,1905-10-16,男性,公共事業本部,なんでもよく食べる。
47745,山川,桃美,やまがわ,ももみ,080-6652-5296,onigiri@example.com,ESSUUxY20,2003-7-23,男性,市場開発部,魚が大好き。
87573,高川,美太,たかがわ,みた,070-7972-1986,sakana@example.com,Ve0A5IoipSSQvXm8,2010-2-18,女性,システム開発事業部,走るのが早い。
12751,高田,美奈,たかだ,みな,080-2089-6083,onigiri@example.com,wW065BS5yH,1921-11-25,女性,市場開発部,走るのが早い。
2083,山野,優郎,やまの,ゆうろう,080-5207-1591,furoshiki@example.com,S9mJ9ujFvDq,1925-10-10,女性,イノベーション推進室,絵を書くのが好き。
21135,大川,春奈,おおがわ,はるな,080-9772-5651,onigiri@example.com,pXy3UcK3UWkbZdmP,1954-9-9,男性,公共事業本部,走るのが早い。
34804,大野,春美,おおの,はるみ,070-6913-7766,sakana@example.com,CAqmYu0UAjJ,1948-3-26,未選択,イノベーション推進室,絵を書くのが好き。
16461,高田,美美,たかだ,みみ,070-7568-4005,ohirune@example.com,5xjjZZfevdtay,1995-8-1,女性,役員,魚が大好き。
12898,大田,美美,おおだ,みみ,070-4967-3007,onigiri@example.com,tGoGHF3WbHze,1992-1-3,男性,市場開発部,負けず嫌い。
43118,山川,春郎,やまがわ,はるろう,070-7762-5118,furoshiki@example.com,deNaQTML,2013-8-29,未選択,イノベーション推進室,走るのが早い。
48868,高田,健美,たかだ,けんみ,090-4389-1015,ohirune@example.com,KMVywAX1d,2002-7-23,女性,市場開発部,絵を書くのが好き。
19406,山川,美也,やまがわ,みや,080-4489-1636,onigiri@example.com,RkWY6lPRKVyKND6z,1991-6-24,未選択,役員,魚が大好き。
66880,高田,春也,たかだ,はるや,070-1686-5848,sakana@example.com,u8t7v0oAQ19AS,1932-7-24,未選択,システム開発事業部,魚が大好き。
66960,高川,桃也,たかがわ,ももや,080-3122-7158,ohirune@example.com,cW3pIvhr,1936-4-15,女性,イノベーション推進室,負けず嫌い。
90004,山川,翔子,やまがわ,しょうこ,070-1568-7406,furoshiki@example.com,m35hyme7Jzu,1947-3-22,女性,役員,なんでもよく食べる。
42031,大野,桃奈,おおの,ももな,080-2437-6258,onigiri@example.com,JI89DWWJ,1930-1-9,女性,公共事業本部,お酒が苦手。
28336,高野,桃郎,たかの,ももろう,090-7086-3065,onigiri@example.com,pxdtqeA0Yd,2001-3-17,未選択,市場開発部,走るのが早い。
57342,大野,翔也,おおの,しょうや,090-8650-2652,ohirune@example.com,aqWCC1XtRjAD,1944-3-13,未選択,システム開発事業部,絵を書くのが好き。
5033,大川,美郎,おおがわ,みろう,080-9066-3752,onigiri@example.com,y2VJZsFrJDZ,1997-11-26,男性,役員,走るのが早い。
68411,大野,健美,おおの,けんみ,080-8689-8428,ohirune@example.com,CFWzbQc5wj5,1953-7-11,男性,システム開発事業部,負けず嫌い。
